kommune_kode,kommune_navn,natur_pct,intensiv_pct,bebygget_pct,natur_ratio,intensiv_ratio,bebygget_ratio,areal_intensiv_ref,areal_bebygget_ref,antropiseret_pct,antropiseret_ratio,areal_antropiseret_ref
101,København,11.0,0.0,77.6,272.73,0.0,546.48,54.7,14.2,80.37,114.18,70.39
147,Frederiksberg,3.2,0.0,90.5,937.5,0.0,637.32,54.7,14.2,89.66,127.38,70.39
151,Ballerup,16.7,4.4,66.0,179.64,8.04,464.79,54.7,14.2,72.87,103.52,70.39
153,Brøndby,16.4,0.4,70.6,182.93,0.73,497.18,54.7,14.2,73.27,104.09,70.39
155,Dragør,22.3,16.4,45.4,134.53,29.98,319.72,54.7,14.2,62.64,88.99,70.39
157,Gentofte,11.0,0.0,84.4,272.73,0.0,594.37,54.7,14.2,85.71,121.76,70.39
159,Gladsaxe,15.4,0.0,80.3,194.81,0.0,565.49,54.7,14.2,84.03,119.38,70.39
161,Glostrup,18.2,0.4,75.5,164.84,0.73,531.69,54.7,14.2,77.1,109.53,70.39
163,Herlev,7.1,1.8,80.9,422.54,3.29,569.72,54.7,14.2,84.03,119.38,70.39
165,Albertslund,41.9,1.0,49.3,71.6,1.83,347.18,54.7,14.2,50.87,72.27,70.39
167,Hvidovre,8.4,1.3,79.6,357.14,2.38,560.56,54.7,14.2,82.22,116.81,70.39
169,Høje-Taastrup,14.6,31.7,37.3,205.48,57.95,262.68,54.7,14.2,70.64,100.36,70.39
173,Lyngby-Taarbæk,40.5,1.3,50.3,74.07,2.38,354.23,54.7,14.2,57.93,82.3,70.39
175,Rødovre,5.3,0.0,88.0,566.04,0.0,619.72,54.7,14.2,88.43,125.63,70.39
183,Ishøj,17.0,31.9,35.5,176.47,58.32,250.0,54.7,14.2,71.08,100.98,70.39
185,Tårnby,47.8,3.0,41.2,62.76,5.48,290.14,54.7,14.2,45.83,65.11,70.39
187,Vallensbæk,17.1,1.0,60.9,175.44,1.83,428.87,54.7,14.2,65.91,93.64,70.39
190,Furesø,44.8,8.7,36.8,66.96,15.9,259.15,54.7,14.2,52.54,74.64,70.39
201,Allerød,32.3,24.0,28.8,92.88,43.88,202.82,54.7,14.2,55.26,78.51,70.39
210,Fredensborg,30.7,23.3,24.0,97.72,42.6,169.01,54.7,14.2,51.21,72.75,70.39
217,Helsingør,35.3,19.9,31.2,84.99,36.38,219.72,54.7,14.2,54.1,76.86,70.39
219,Hillerød,39.1,30.5,18.9,76.73,55.76,133.1,54.7,14.2,54.52,77.45,70.39
223,Hørsholm,30.4,7.7,42.3,98.68,14.08,297.89,54.7,14.2,53.77,76.39,70.39
230,Rudersdal,40.1,4.7,43.9,74.81,8.59,309.15,54.7,14.2,53.85,76.5,70.39
240,Egedal,23.7,36.6,23.8,126.58,66.91,167.61,54.7,14.2,62.11,88.24,70.39
250,Frederikssund,22.2,49.2,20.1,135.14,89.95,141.55,54.7,14.2,70.16,99.67,70.39
253,Greve,10.1,31.9,44.9,297.03,58.32,316.2,54.7,14.2,78.17,111.05,70.39
259,Køge,23.7,47.9,19.3,126.58,87.57,135.92,54.7,14.2,68.54,97.37,70.39
260,Halsnæs,34.5,23.2,31.2,86.96,42.41,219.72,54.7,14.2,64.12,91.09,70.39
265,Roskilde,14.0,45.5,28.1,214.29,83.18,197.89,54.7,14.2,75.78,107.66,70.39
269,Solrød,10.6,47.5,31.6,283.02,86.84,222.54,54.7,14.2,80.2,113.94,70.39
270,Gribskov,34.0,29.5,23.5,88.24,53.93,165.49,54.7,14.2,58.32,82.85,70.39
306,Odsherred,19.9,46.1,23.8,150.75,84.28,167.61,54.7,14.2,71.29,101.28,70.39
316,Holbæk,18.9,57.6,14.0,158.73,105.3,98.59,54.7,14.2,73.09,103.84,70.39
320,Faxe,23.4,56.2,12.5,128.21,102.74,88.03,54.7,14.2,70.05,99.52,70.39
326,Kalundborg,18.0,58.4,15.1,166.67,106.76,106.34,54.7,14.2,74.91,106.42,70.39
329,Ringsted,21.8,56.5,13.0,137.61,103.29,91.55,54.7,14.2,72.04,102.34,70.39
330,Slagelse,16.4,62.1,15.0,182.93,113.53,105.63,54.7,14.2,78.39,111.37,70.39
336,Stevns,12.0,69.2,12.6,250.0,126.51,88.73,54.7,14.2,82.75,117.56,70.39
340,Sorø,25.5,49.6,13.5,117.65,90.68,95.07,54.7,14.2,65.88,93.59,70.39
350,Lejre,22.1,52.8,14.5,135.75,96.53,102.11,54.7,14.2,68.91,97.9,70.39
360,Lolland,12.2,74.2,9.5,245.9,135.65,66.9,54.7,14.2,85.51,121.48,70.39
370,Næstved,19.2,59.7,13.4,156.25,109.14,94.37,54.7,14.2,74.61,106.0,70.39
376,Guldborgsund,17.6,66.8,11.8,170.45,122.12,83.1,54.7,14.2,80.0,113.65,70.39
390,Vordingborg,21.0,60.2,12.5,142.86,110.05,88.03,54.7,14.2,73.91,105.0,70.39
400,Bornholm,26.0,54.5,12.5,115.38,99.63,88.03,54.7,14.2,67.89,96.45,70.39
410,Middelfart,16.7,57.4,17.6,179.64,104.94,123.94,54.7,14.2,76.13,108.15,70.39
420,Assens,18.9,59.9,13.2,158.73,109.51,92.96,54.7,14.2,74.56,105.92,70.39
430,Faaborg-Midtfyn,20.7,57.4,13.1,144.93,104.94,92.25,54.7,14.2,72.21,102.59,70.39
440,Kerteminde,13.2,64.2,15.8,227.27,117.37,111.27,54.7,14.2,81.56,115.87,70.39
450,Nyborg,16.3,63.9,14.0,184.05,116.82,98.59,54.7,14.2,79.21,112.53,70.39
461,Odense,15.9,35.7,35.5,188.68,65.27,250.0,54.7,14.2,72.91,103.58,70.39
479,Svendborg,19.4,57.4,15.1,154.64,104.94,106.34,54.7,14.2,73.93,105.03,70.39
480,Nordfyns,14.2,67.1,12.1,211.27,122.67,85.21,54.7,14.2,80.75,114.72,70.39
482,Langeland,18.9,64.3,11.0,158.73,117.55,77.46,54.7,14.2,76.91,109.26,70.39
492,Ærø,16.6,61.9,12.4,180.72,113.16,87.32,54.7,14.2,75.77,107.64,70.39
510,Haderslev,19.9,64.0,10.9,150.75,117.0,76.76,54.7,14.2,76.55,108.75,70.39
530,Billund,33.4,50.4,10.6,89.82,92.14,74.65,54.7,14.2,61.84,87.85,70.39
540,Sønderborg,15.8,62.2,16.4,189.87,113.71,115.49,54.7,14.2,80.36,114.16,70.39
550,Tønder,17.7,65.7,8.0,169.49,120.11,56.34,54.7,14.2,77.07,109.49,70.39
561,Esbjerg,17.6,59.4,15.0,170.45,108.59,105.63,54.7,14.2,75.5,107.26,70.39
563,Fanø,81.9,4.3,11.4,36.63,7.86,80.28,54.7,14.2,16.13,22.92,70.39
573,Varde,33.1,50.6,10.2,90.63,92.5,71.83,54.7,14.2,62.53,88.83,70.39
575,Vejen,19.2,63.8,10.7,156.25,116.64,75.35,54.7,14.2,75.71,107.56,70.39
580,Aabenraa,20.6,61.7,11.5,145.63,112.8,80.99,54.7,14.2,75.4,107.12,70.39
607,Fredericia,21.4,37.4,31.8,140.19,68.37,223.94,54.7,14.2,70.22,99.76,70.39
615,Horsens,24.4,50.9,17.1,122.95,93.05,120.42,54.7,14.2,69.25,98.38,70.39
621,Kolding,18.3,58.0,16.0,163.93,106.03,112.68,54.7,14.2,75.44,107.17,70.39
630,Vejle,26.9,50.1,13.8,111.52,91.59,97.18,54.7,14.2,64.94,92.26,70.39
657,Herning,29.3,54.0,11.1,102.39,98.72,78.17,54.7,14.2,66.36,94.27,70.39
661,Holstebro,27.0,53.1,12.7,111.11,97.07,89.44,54.7,14.2,67.29,95.6,70.39
665,Lemvig,26.2,58.3,10.3,114.5,106.58,72.54,54.7,14.2,70.53,100.2,70.39
671,Struer,13.2,68.6,13.8,227.27,125.41,97.18,54.7,14.2,83.68,118.88,70.39
706,Syddjurs,31.4,46.7,13.3,95.54,85.37,93.66,54.7,14.2,61.22,86.97,70.39
707,Norddjurs,26.3,55.8,11.1,114.07,102.01,78.17,54.7,14.2,67.93,96.51,70.39
710,Favrskov,22.3,58.0,12.9,134.53,106.03,90.85,54.7,14.2,71.83,102.05,70.39
727,Odder,16.2,64.4,13.4,185.19,117.73,94.37,54.7,14.2,78.44,111.44,70.39
730,Randers,18.2,61.6,13.5,164.84,112.61,95.07,54.7,14.2,76.7,108.96,70.39
740,Silkeborg,38.1,40.0,14.3,78.74,73.13,100.7,54.7,14.2,55.29,78.55,70.39
741,Samsø,20.1,62.4,11.2,149.25,114.08,78.87,54.7,14.2,74.57,105.94,70.39
746,Skanderborg,27.1,47.0,16.4,110.7,85.92,115.49,54.7,14.2,64.24,91.26,70.39
751,Aarhus,14.7,41.9,32.9,204.08,76.6,231.69,54.7,14.2,76.02,108.0,70.39
756,Ikast-Brande,33.6,48.9,11.4,89.29,89.4,80.28,54.7,14.2,61.51,87.38,70.39
760,Ringkøbing-Skjern,27.6,56.9,9.9,108.7,104.02,69.72,54.7,14.2,68.37,97.13,70.39
766,Hedensted,17.9,61.1,14.2,167.6,111.7,100.0,54.7,14.2,76.0,107.97,70.39
773,Morsø,13.5,70.0,11.4,222.22,127.97,80.28,54.7,14.2,83.43,118.53,70.39
779,Skive,18.8,62.2,13.0,159.57,113.71,91.55,54.7,14.2,76.86,109.19,70.39
787,Thisted,39.2,47.0,9.7,76.53,85.92,68.31,54.7,14.2,58.13,82.58,70.39
791,Viborg,30.0,50.9,11.5,100.0,93.05,80.99,54.7,14.2,63.74,90.55,70.39
810,Brønderslev,18.4,63.4,10.9,163.04,115.9,76.76,54.7,14.2,75.45,107.19,70.39
813,Frederikshavn,36.2,41.7,14.0,82.87,76.23,98.59,54.7,14.2,56.52,80.3,70.39
820,Vesthimmerlands,20.3,62.7,10.8,147.78,114.63,76.06,54.7,14.2,75.12,106.72,70.39
825,Læsø,67.4,13.4,9.6,44.51,24.5,67.61,54.7,14.2,23.43,33.29,70.39
840,Rebild,24.4,59.3,10.1,122.95,108.41,71.13,54.7,14.2,70.52,100.18,70.39
846,Mariagerfjord,27.3,54.6,11.5,109.89,99.82,80.99,54.7,14.2,67.06,95.27,70.39
849,Jammerbugt,30.2,52.8,11.0,99.34,96.53,77.46,54.7,14.2,65.06,92.43,70.39
851,Aalborg,22.9,52.4,16.0,131.0,95.8,112.68,54.7,14.2,70.18,99.7,70.39
860,Hjørring,22.5,57.1,12.6,133.33,104.39,88.73,54.7,14.2,70.86,100.67,70.39
