kommune_kode,kommune_navn,fjv_biomasse_pct,fjv_affald_pct,fjv_fossil_pct,fjv_ren_pct,fjv_total_tj,fjv_status
101,København,65.8,24.4,9.0,0.9,13377.9,ok
147,Frederiksberg,,,,,42.6,fælles_net
151,Ballerup,,,,,51.9,fælles_net
153,Brøndby,,,,,51.2,fælles_net
155,Dragør,,,,,0,fælles_net
157,Gentofte,,,,,90.1,fælles_net
159,Gladsaxe,0.0,0.0,60.6,39.4,493.3,ok
161,Glostrup,0.0,96.5,3.5,0.0,3375.5,ok
163,Herlev,,,,,0,fælles_net
165,Albertslund,,,,,54.8,fælles_net
167,Hvidovre,96.7,0.0,3.3,0.0,7600.7,ok
169,Høje-Taastrup,0.0,0.0,30.8,69.2,104.4,ok
173,Lyngby-Taarbæk,3.2,0.0,41.7,55.1,314.7,ok
175,Rødovre,,,,,0,fælles_net
183,Ishøj,100.0,0.0,0.0,0.0,126.5,ok
185,Tårnby,,,,,42.2,fælles_net
187,Vallensbæk,,,,,0,fælles_net
190,Furesø,0.7,0.0,99.3,0.0,189.7,ok
201,Allerød,,,,,98.8,fælles_net
210,Fredensborg,,,,,12.4,fælles_net
217,Helsingør,88.8,0.0,10.4,0.8,914.3,ok
219,Hillerød,59.7,0.0,37.0,3.3,1191.0,ok
223,Hørsholm,52.6,41.8,5.6,0.0,1281.4,ok
230,Rudersdal,0.0,0.0,100.0,0.0,173.5,ok
240,Egedal,45.1,0.0,14.2,40.7,353.8,ok
250,Frederikssund,5.3,0.0,40.5,54.2,541.8,ok
253,Greve,,,,,12.8,fælles_net
259,Køge,48.7,0.0,44.7,6.5,2172.6,ok
260,Halsnæs,81.7,0.0,8.0,10.4,505.7,ok
265,Roskilde,0.5,92.9,2.7,3.9,2500.7,ok
269,Solrød,,,,,89.9,fælles_net
270,Gribskov,42.6,0.0,32.5,24.9,484.6,ok
306,Odsherred,13.1,0.0,16.6,70.3,386.7,ok
316,Holbæk,30.8,0.0,47.1,22.1,205.2,ok
320,Faxe,81.5,0.0,12.2,6.3,378.9,ok
326,Kalundborg,86.0,0.0,0.3,13.7,1948.1,ok
329,Ringsted,58.8,0.0,7.3,33.9,567.1,ok
330,Slagelse,80.7,7.7,7.5,4.1,1244.9,ok
336,Stevns,,,,,2.1,fælles_net
340,Sorø,75.4,0.0,24.6,0.0,182.5,ok
350,Lejre,80.1,0.0,19.9,0.0,113.7,ok
360,Lolland,99.1,0.0,0.0,0.8,988.2,ok
370,Næstved,11.2,65.2,13.7,9.9,1054.7,ok
376,Guldborgsund,50.0,26.2,18.2,5.5,2112.0,ok
390,Vordingborg,81.6,0.0,3.7,14.7,725.4,ok
400,Bornholm,78.2,20.2,1.6,0.0,1104.8,ok
410,Middelfart,85.2,0.0,14.0,0.7,244.6,ok
420,Assens,57.1,0.0,5.1,37.8,665.5,ok
430,Faaborg-Midtfyn,52.4,0.0,9.8,37.8,542.9,ok
440,Kerteminde,,,,,11.9,fælles_net
450,Nyborg,5.0,77.4,7.5,10.1,953.0,ok
461,Odense,39.6,26.6,17.0,16.9,7881.2,ok
479,Svendborg,7.2,0.0,26.6,66.2,711.3,ok
480,Nordfyns,70.5,0.0,18.8,10.7,163.7,ok
482,Langeland,87.0,0.0,0.3,12.7,384.8,ok
492,Ærø,57.8,0.0,0.2,42.0,184.1,ok
510,Haderslev,52.7,0.0,21.6,25.7,994.6,ok
530,Billund,57.8,0.0,4.7,37.5,1085.2,ok
540,Sønderborg,55.4,27.6,8.0,9.0,1730.9,ok
550,Tønder,40.6,0.0,12.3,47.1,697.2,ok
561,Esbjerg,9.4,41.8,26.3,22.5,3868.0,ok
563,Fanø,,,,,0,fælles_net
573,Varde,59.5,0.0,16.7,23.8,612.1,ok
575,Vejen,79.5,0.0,5.7,14.8,667.6,ok
580,Aabenraa,88.7,0.0,0.2,11.1,1602.7,ok
607,Fredericia,66.4,0.0,5.1,28.5,4898.0,ok
615,Horsens,38.8,37.0,5.1,19.1,1638.5,ok
621,Kolding,4.7,85.9,4.5,5.0,1635.6,ok
630,Vejle,56.3,0.0,16.2,27.5,399.2,ok
657,Herning,80.6,0.0,7.5,11.8,2947.9,ok
661,Holstebro,44.7,48.1,5.8,1.4,2039.7,ok
665,Lemvig,87.9,0.0,2.8,9.2,647.7,ok
671,Struer,59.4,0.0,30.5,10.1,108.1,ok
706,Syddjurs,96.8,0.0,0.2,3.0,733.8,ok
707,Norddjurs,82.7,0.0,1.0,16.4,1035.2,ok
710,Favrskov,60.1,25.0,7.2,7.6,1436.1,ok
727,Odder,58.8,0.0,22.8,18.4,149.6,ok
730,Randers,90.5,0.0,2.5,7.1,1988.1,ok
740,Silkeborg,14.7,0.0,45.0,40.2,1601.4,ok
741,Samsø,97.0,0.0,0.3,2.8,102.9,ok
746,Skanderborg,47.4,30.3,2.2,20.1,1845.4,ok
751,Aarhus,67.2,18.2,2.9,11.7,8590.3,ok
756,Ikast-Brande,26.1,0.0,19.1,54.7,554.2,ok
760,Ringkøbing-Skjern,42.1,0.0,12.8,45.1,1921.3,ok
766,Hedensted,33.4,0.0,14.6,52.0,542.2,ok
773,Morsø,14.4,0.0,41.1,44.5,234.0,ok
779,Skive,65.6,0.0,7.4,26.9,1050.7,ok
787,Thisted,42.1,35.3,7.9,14.7,1382.1,ok
791,Viborg,7.8,0.0,32.8,59.4,1986.4,ok
810,Brønderslev,47.1,0.0,16.3,36.6,870.0,ok
813,Frederikshavn,5.9,17.3,20.7,56.1,1593.9,ok
820,Vesthimmerlands,58.8,26.3,1.4,13.5,1180.9,ok
825,Læsø,,,,,25.9,fælles_net
840,Rebild,48.4,0.0,15.0,36.6,587.9,ok
846,Mariagerfjord,76.4,0.0,8.3,15.3,1031.7,ok
849,Jammerbugt,62.1,0.0,12.7,25.3,778.1,ok
851,Aalborg,7.4,19.6,51.3,21.8,6337.2,ok
860,Hjørring,52.4,33.8,5.8,8.0,1735.8,ok
