kommune_kode,le_gender_gap_years,le_gender_gap_ratio,income_gender_gap_pct,income_gender_gap_ratio,employment_origin_gap_pct,employment_origin_gap_ratio,le_gender_gap_ref,income_gender_gap_ref,employment_origin_gap_ref
101,4.4,86.36,90.34,105.69,80.02,97.37,3.8,85.48,82.18
147,3.4,111.76,86.91,101.67,78.79,95.87,3.8,85.48,82.18
151,3.7,102.7,87.54,102.41,86.22,104.92,3.8,85.48,82.18
153,2.0,190.0,87.2,102.01,86.68,105.48,3.8,85.48,82.18
155,3.3,115.15,81.05,94.82,75.35,91.69,3.8,85.48,82.18
157,3.6,105.56,80.46,94.13,80.67,98.16,3.8,85.48,82.18
159,3.7,102.7,89.52,104.73,89.36,108.74,3.8,85.48,82.18
161,4.0,95.0,88.37,103.38,87.76,106.79,3.8,85.48,82.18
163,3.3,115.15,89.6,104.82,88.82,108.08,3.8,85.48,82.18
165,3.4,111.76,92.2,107.86,91.75,111.65,3.8,85.48,82.18
167,3.3,115.15,88.58,103.63,88.02,107.11,3.8,85.48,82.18
169,3.9,97.44,85.92,100.51,87.48,106.45,3.8,85.48,82.18
173,3.7,102.7,88.6,103.65,80.47,97.92,3.8,85.48,82.18
175,3.8,100.0,89.45,104.64,88.36,107.52,3.8,85.48,82.18
183,3.4,111.76,88.2,103.18,89.13,108.46,3.8,85.48,82.18
185,3.8,100.0,87.55,102.42,87.44,106.4,3.8,85.48,82.18
187,3.8,100.0,84.95,99.38,88.42,107.59,3.8,85.48,82.18
190,3.2,118.75,83.72,97.94,86.99,105.85,3.8,85.48,82.18
201,2.1,180.95,81.61,95.47,81.96,99.73,3.8,85.48,82.18
210,3.1,122.58,84.11,98.4,84.96,103.38,3.8,85.48,82.18
217,5.0,76.0,87.66,102.55,75.22,91.53,3.8,85.48,82.18
219,3.7,102.7,86.1,100.73,83.19,101.23,3.8,85.48,82.18
223,4.2,90.48,77.14,90.24,85.92,104.55,3.8,85.48,82.18
230,3.3,115.15,80.13,93.74,86.29,105.0,3.8,85.48,82.18
240,3.0,126.67,85.18,99.65,86.48,105.23,3.8,85.48,82.18
250,3.4,111.76,84.83,99.24,79.66,96.93,3.8,85.48,82.18
253,3.1,122.58,83.97,98.23,84.79,103.18,3.8,85.48,82.18
259,4.3,88.37,84.77,99.17,76.16,92.67,3.8,85.48,82.18
260,4.0,95.0,85.93,100.53,82.26,100.1,3.8,85.48,82.18
265,3.1,122.58,85.46,99.98,80.83,98.36,3.8,85.48,82.18
269,3.7,102.7,83.02,97.12,85.53,104.08,3.8,85.48,82.18
270,3.1,122.58,86.78,101.52,83.89,102.08,3.8,85.48,82.18
306,4.3,88.37,88.25,103.24,87.25,106.17,3.8,85.48,82.18
316,4.4,86.36,84.97,99.4,81.56,99.25,3.8,85.48,82.18
320,4.0,95.0,84.51,98.87,81.34,98.98,3.8,85.48,82.18
326,3.5,108.57,83.72,97.94,88.83,108.09,3.8,85.48,82.18
329,4.2,90.48,84.49,98.84,76.23,92.76,3.8,85.48,82.18
330,4.1,92.68,86.23,100.88,77.46,94.26,3.8,85.48,82.18
336,4.0,95.0,83.4,97.57,87.16,106.06,3.8,85.48,82.18
340,4.2,90.48,83.61,97.81,81.32,98.95,3.8,85.48,82.18
350,2.1,180.95,83.77,98.0,81.81,99.55,3.8,85.48,82.18
360,5.5,69.09,91.01,106.47,96.37,117.27,3.8,85.48,82.18
370,3.6,105.56,85.16,99.63,82.38,100.24,3.8,85.48,82.18
376,4.5,84.44,89.74,104.98,84.85,103.25,3.8,85.48,82.18
390,4.3,88.37,87.95,102.89,91.9,111.83,3.8,85.48,82.18
400,4.6,82.61,89.51,104.71,90.46,110.08,3.8,85.48,82.18
410,4.4,86.36,83.8,98.03,84.69,103.05,3.8,85.48,82.18
420,2.8,135.71,85.15,99.61,86.9,105.74,3.8,85.48,82.18
430,4.5,84.44,84.59,98.96,81.83,99.57,3.8,85.48,82.18
440,3.8,100.0,83.72,97.94,87.52,106.5,3.8,85.48,82.18
450,3.0,126.67,86.02,100.63,79.16,96.33,3.8,85.48,82.18
461,4.3,88.37,89.26,104.42,73.11,88.96,3.8,85.48,82.18
479,4.7,80.85,88.31,103.31,81.47,99.14,3.8,85.48,82.18
480,3.4,111.76,83.58,97.78,77.27,94.03,3.8,85.48,82.18
482,3.3,115.15,90.99,106.45,100.28,122.02,3.8,85.48,82.18
492,,,89.89,105.16,91.02,110.76,3.8,85.48,82.18
510,4.4,86.36,84.8,99.2,80.36,97.79,3.8,85.48,82.18
530,4.6,82.61,79.01,92.43,93.52,113.8,3.8,85.48,82.18
540,3.5,108.57,86.41,101.09,77.08,93.79,3.8,85.48,82.18
550,4.0,95.0,84.19,98.49,88.36,107.52,3.8,85.48,82.18
561,3.5,108.57,83.78,98.01,84.94,103.36,3.8,85.48,82.18
563,,,81.74,95.62,101.62,123.66,3.8,85.48,82.18
573,3.4,111.76,80.96,94.71,87.64,106.64,3.8,85.48,82.18
575,3.6,105.56,80.09,93.69,91.38,111.19,3.8,85.48,82.18
580,3.7,102.7,84.3,98.62,79.9,97.23,3.8,85.48,82.18
607,3.9,97.44,83.01,97.11,74.84,91.07,3.8,85.48,82.18
615,4.3,88.37,82.93,97.02,82.65,100.57,3.8,85.48,82.18
621,4.3,88.37,83.36,97.52,78.74,95.81,3.8,85.48,82.18
630,3.4,111.76,82.31,96.29,80.15,97.53,3.8,85.48,82.18
657,4.1,92.68,81.41,95.24,82.94,100.92,3.8,85.48,82.18
661,3.8,100.0,82.55,96.57,81.65,99.36,3.8,85.48,82.18
665,4.7,80.85,79.74,93.28,98.99,120.46,3.8,85.48,82.18
671,4.7,80.85,82.31,96.29,86.03,104.68,3.8,85.48,82.18
706,3.3,115.15,83.82,98.06,78.91,96.02,3.8,85.48,82.18
707,3.9,97.44,84.06,98.34,89.33,108.7,3.8,85.48,82.18
710,2.9,131.03,81.82,95.72,85.78,104.38,3.8,85.48,82.18
727,3.1,122.58,82.8,96.86,75.68,92.09,3.8,85.48,82.18
730,4.6,82.61,84.38,98.71,78.81,95.9,3.8,85.48,82.18
740,3.3,115.15,83.76,97.99,79.8,97.1,3.8,85.48,82.18
741,,,93.65,109.56,90.08,109.61,3.8,85.48,82.18
746,3.1,122.58,82.01,95.94,80.43,97.87,3.8,85.48,82.18
751,3.7,102.7,87.93,102.87,73.17,89.04,3.8,85.48,82.18
756,3.6,105.56,81.6,95.46,74.29,90.4,3.8,85.48,82.18
760,3.6,105.56,79.97,93.55,95.22,115.87,3.8,85.48,82.18
766,3.7,102.7,80.25,93.88,83.23,101.28,3.8,85.48,82.18
773,3.4,111.76,83.94,98.2,97.66,118.84,3.8,85.48,82.18
779,2.8,135.71,83.33,97.48,89.69,109.14,3.8,85.48,82.18
787,4.1,92.68,84.33,98.65,93.49,113.76,3.8,85.48,82.18
791,3.5,108.57,83.39,97.55,83.19,101.23,3.8,85.48,82.18
810,2.1,180.95,84.23,98.54,81.08,98.66,3.8,85.48,82.18
813,3.9,97.44,84.46,98.81,78.12,95.06,3.8,85.48,82.18
820,3.6,105.56,83.77,98.0,93.82,114.16,3.8,85.48,82.18
825,,,89.78,105.03,91.86,111.78,3.8,85.48,82.18
840,3.2,118.75,80.86,94.6,94.36,114.82,3.8,85.48,82.18
846,4.5,84.44,83.16,97.29,89.73,109.19,3.8,85.48,82.18
849,3.7,102.7,85.18,99.65,86.48,105.23,3.8,85.48,82.18
851,3.6,105.56,86.86,101.61,79.2,96.37,3.8,85.48,82.18
860,4.0,95.0,86.35,101.02,86.48,105.23,3.8,85.48,82.18
