kommune_kode,kommune_navn,slug,grade,composite,kollektiv_kvalitet,bevaegelsesfrihed,bilbehov,bil_skat_kr,tvunget_andel,valgt_andel,gini,p10,cdi,o_pt,o_car,reach_ratio,unserved_pct
101,København,dk-koebenhavn-0101,A,95.95,100.0,91.91,0.0,0,0.0,0.5381,0.033,86.64,0.0809,13.3863,15.5971,1.17,7.2
147,Frederiksberg,dk-frederiksberg-0147,B,61.8,24.23,99.37,0.0,0,0.0,0.5028,0.0091,95.38,0.0063,3.2962,3.3328,1.02,0
151,Ballerup,dk-ballerup-0151,C,48.99,10.07,87.91,0.0,0,0.0,0.5592,0.0278,82.37,0.1209,1.4108,1.7895,1.29,7.4
153,Brøndby,dk-broendby-0153,C,52.03,12.66,91.4,0.0,0,0.0,0.5421,0.0252,85.44,0.086,1.7565,2.0795,1.22,9.2
155,Dragør,dk-dragoer-0155,C,46.95,2.57,91.33,0.0,0,0.0,0.5428,0.0175,87.16,0.0867,0.4123,0.4894,1.2,18.5
157,Gentofte,dk-gentofte-0157,C,52.08,13.2,90.95,0.0,0,0.0,0.5446,0.0202,86.51,0.0905,1.8285,2.1866,1.2,1.5
159,Gladsaxe,dk-gladsaxe-0159,C,52.07,15.03,89.11,0.0,0,0.0,0.554,0.0174,86.45,0.1089,2.0719,2.5736,1.26,3
161,Glostrup,dk-glostrup-0161,C,48.67,4.04,93.3,0.0,0,0.0,0.5322,0.0252,85.2,0.067,0.6075,0.6913,1.2,6.8
163,Herlev,dk-herlev-0163,C,50.0,6.99,93.02,0.0,0,0.0,0.5344,0.0159,90,0.0698,1.0004,1.1484,1.19,9
165,Albertslund,dk-albertslund-0165,C,47.98,5.54,90.41,0.0,0,0.0,0.5468,0.0264,84.27,0.0959,0.8083,0.9753,1.22,4.8
167,Hvidovre,dk-hvidovre-0167,C,51.1,9.49,92.72,0.0,0,0.0,0.5355,0.0222,87.51,0.0728,1.3336,1.5373,1.15,3.3
169,Høje-Taastrup,dk-hoeje-taastrup-0169,C,46.1,9.39,82.81,0.0,0,0.0,0.5801,0.0712,65.57,0.1719,1.3209,1.8251,1.38,10
173,Lyngby-Taarbæk,dk-lyngby-taarbaek-0173,C,50.59,10.32,90.86,0.0,0,0.0,0.5444,0.0273,84.57,0.0914,1.4445,1.7261,1.21,2.5
175,Rødovre,dk-roedovre-0175,C,51.13,6.95,95.31,0.0,0,0.0,0.523,0.0137,92.63,0.0469,0.9956,1.0918,1.13,8.3
183,Ishøj,dk-ishoej-0183,C,47.41,6.73,88.08,0.0,0,0.0,0.5571,0.0398,78.79,0.1192,0.9664,1.2154,1.31,10.2
185,Tårnby,dk-taarnby-0185,B,61.7,36.67,86.73,0.0,0,0.0,0.566,0.0215,84.51,0.1327,4.953,6.4587,1.29,2
187,Vallensbæk,dk-vallensbaek-0187,C,48.17,4.61,91.74,0.0,0,0.0,0.5403,0.0256,86.72,0.0826,0.6841,0.804,1.19,14.8
190,Furesø,dk-furesoe-0190,C,47.08,7.93,86.22,0.0,0,0.0,0.5669,0.0369,79.77,0.1378,1.126,1.4736,1.33,15.4
201,Allerød,dk-alleroed-0201,D,43.2,4.75,81.64,0.0,0,0.0,0.586,0.0738,68.41,0.1836,0.7027,0.9947,1.43,20.1
210,Fredensborg,dk-fredensborg-0210,D,43.2,5.92,80.49,0.0,0,0.0,0.5922,0.0753,64.13,0.1951,0.8582,1.2464,1.44,18.3
217,Helsingør,dk-helsingoer-0217,C,45.21,6.41,84.02,0.0,0,0.0,0.5766,0.0584,70.35,0.1598,0.9235,1.2576,1.35,4
219,Hillerød,dk-hilleroed-0219,D,41.62,8.04,75.21,0.0858,0,0.0175,0.594,0.1432,43.73,0.2479,1.1413,1.7959,1.53,15.9
223,Hørsholm,dk-hoersholm-0223,C,47.81,3.46,92.16,0.0,0,0.0,0.5361,0.0423,82.53,0.0784,0.5315,0.6143,1.16,17.8
230,Rudersdal,dk-rudersdal-0230,C,47.36,7.18,87.53,0.0,0,0.0,0.5609,0.0314,82.22,0.1247,1.0258,1.3104,1.28,14.3
240,Egedal,dk-egedal-0240,D,39.6,5.64,73.56,0.1788,0,0.0372,0.5867,0.1085,50.11,0.2644,0.8208,1.3613,1.66,23.9
250,Frederikssund,dk-frederikssund-0250,D,32.24,5.46,59.03,0.6142,60000,0.1396,0.5423,0.2653,15.38,0.4097,0.7976,1.7097,2.05,25.8
253,Greve,dk-greve-0253,C,47.11,8.55,85.67,0.0,0,0.0,0.5691,0.0439,76.77,0.1433,1.2088,1.5968,1.32,15.4
259,Køge,dk-koege-0259,D,41.07,6.28,75.86,0.0339,0,0.0068,0.5977,0.1808,16.8,0.2414,0.9058,1.3845,1.46,20.9
260,Halsnæs,dk-halsnaes-0260,D,37.74,3.22,72.26,0.2516,0,0.0531,0.5804,0.0901,57.61,0.2774,0.4993,0.8633,1.71,37
265,Roskilde,dk-roskilde-0265,D,43.56,14.19,72.93,0.1837,0,0.0382,0.5863,0.1279,45.01,0.2707,1.9597,3.2591,1.64,13.8
269,Solrød,dk-solroed-0269,D,44.64,1.9,87.38,0.0,0,0.0,0.56,0.0525,76.68,0.1262,0.3228,0.4108,1.28,19.4
270,Gribskov,dk-gribskov-0270,D,30.38,3.37,57.39,0.7872,60000,0.185,0.52,0.16,35.4,0.4261,0.5186,1.2392,2.3,25.1
306,Odsherred,dk-odsherred-0306,F,21.49,1.87,41.11,1.3189,60000,0.3411,0.4348,0.3209,8.1,0.5889,0.3192,1.1048,3.31,45.8
316,Holbæk,dk-holbaek-0316,E,27.43,4.97,49.9,1.0248,60000,0.2516,0.485,0.3602,4.51,0.501,0.7325,2.0487,2.39,19.9
320,Faxe,dk-faxe-0320,E,22.3,2.17,42.43,1.2672,60000,0.3248,0.4441,0.3978,3.19,0.5757,0.3593,1.196,2.71,26.7
326,Kalundborg,dk-kalundborg-0326,E,22.4,2.99,41.81,1.3195,60000,0.3413,0.4347,0.3863,4.61,0.5819,0.4678,1.6201,2.96,22.6
329,Ringsted,dk-ringsted-0329,D,35.63,3.11,68.16,0.3056,0,0.0653,0.5755,0.2612,12.75,0.3184,0.4845,0.8641,1.57,8.3
330,Slagelse,dk-slagelse-0330,D,32.89,6.42,59.36,0.6346,60000,0.1448,0.5398,0.2927,8.29,0.4064,0.9246,2.0071,1.98,22.3
336,Stevns,dk-stevns-0336,E,26.38,1.96,50.79,0.9776,60000,0.238,0.4923,0.3153,10.03,0.4921,0.3311,0.8967,2.26,21.3
340,Sorø,dk-soroe-0340,E,29.82,4.35,55.29,0.7537,60000,0.176,0.5245,0.3484,3.32,0.4471,0.6493,1.5187,1.99,16
350,Lejre,dk-lejre-0350,D,30.31,3.0,57.62,0.7458,60000,0.1739,0.5256,0.2228,19.26,0.4238,0.4693,1.0921,2.12,24.5
360,Lolland,dk-lolland-0360,E,23.67,2.02,45.32,1.1494,60000,0.2886,0.4647,0.5115,1.33,0.5468,0.339,1.0347,2.3,19.5
370,Næstved,dk-naestved-0370,E,29.32,5.78,52.85,0.8522,60000,0.2027,0.5109,0.3545,3.77,0.4715,0.8401,2.0935,2.15,19.2
376,Guldborgsund,dk-guldborgsund-0376,F,20.45,2.62,38.28,1.3522,60000,0.3517,0.4286,0.5285,1.1,0.6172,0.4193,1.4893,2.78,25.2
390,Vordingborg,dk-vordingborg-0390,F,19.2,2.08,36.31,1.48,60000,0.3934,0.404,0.4564,2.1,0.6369,0.3474,1.3668,3.22,30.4
400,Bornholm,dk-bornholm-0400,E,28.12,4.0,52.24,0.895,60000,0.2146,0.5047,0.3765,4.71,0.4776,0.6024,1.544,2.07,9.4
410,Middelfart,dk-middelfart-0410,F,21.33,2.94,39.72,1.3928,60000,0.3648,0.4209,0.3983,3.08,0.6028,0.462,1.6939,3.21,9.3
420,Assens,dk-assens-0420,F,19.41,2.57,36.26,1.5531,120000,0.4178,0.3893,0.3808,2.6,0.6374,0.4118,1.7228,3.42,17.7
430,Faaborg-Midtfyn,dk-faaborg-midtfyn-0430,G,14.41,3.58,25.25,1.9885,120000,0.5734,0.2917,0.451,2.73,0.7475,0.5474,3.5113,5.16,20.9
440,Kerteminde,dk-kerteminde-0440,E,24.68,1.73,47.63,1.1092,60000,0.2765,0.4714,0.3034,6.5,0.5237,0.3,0.8901,2.66,26.2
450,Nyborg,dk-nyborg-0450,D,30.65,3.31,57.99,0.6958,60000,0.1607,0.5321,0.2663,13.82,0.4201,0.5113,1.1529,2.02,20
461,Odense,dk-odense-0461,C,49.77,27.4,72.14,0.2097,0,0.0439,0.5841,0.1269,47.36,0.2786,3.7184,6.2765,1.68,18.4
479,Svendborg,dk-svendborg-0479,D,34.09,7.94,60.25,0.5541,60000,0.1245,0.5494,0.3203,4.32,0.3975,1.1272,2.3293,1.83,14.4
480,Nordfyns,dk-nordfyns-0480,G,14.84,2.76,26.93,1.8308,120000,0.5151,0.329,0.5655,1.7,0.7307,0.4375,2.3691,4.1,30.6
482,Langeland,dk-langeland-0482,F,17.45,2.44,32.46,1.5324,120000,0.4108,0.3935,0.5386,2.02,0.6754,0.3946,1.6221,3.02,22.3
492,Ærø,dk-aeroe-0492,D,31.7,0.45,62.94,0.4754,0,0.1051,0.5583,0.2961,15.16,0.3706,0.1304,0.2569,1.62,37
510,Haderslev,dk-haderslev-0510,F,21.37,3.52,39.22,1.4076,60000,0.3696,0.4181,0.4649,2.11,0.6078,0.5385,1.9978,3.02,19.6
530,Billund,dk-billund-0530,F,19.38,1.37,37.38,1.4468,60000,0.3824,0.4105,0.5381,1.23,0.6262,0.2524,0.9663,2.74,38.2
540,Sønderborg,dk-soenderborg-0540,E,29.78,6.7,52.85,0.8397,60000,0.1993,0.5127,0.336,3.73,0.4715,0.962,2.3778,2.22,17.3
550,Tønder,dk-toender-0550,G,10.57,0.65,20.49,2.153,120000,0.6366,0.2504,0.5687,0,0.7951,0.1561,1.2263,5.07,30.1
561,Esbjerg,dk-esbjerg-0561,D,37.36,13.76,60.96,0.524,60000,0.117,0.5529,0.3535,2.24,0.3904,1.9019,3.8591,1.84,15.4
563,Fanø,dk-fanoe-0563,D,35.73,0.25,71.21,0.2326,0,0.0489,0.5821,0.2179,25.62,0.2879,0.1036,0.1772,1.65,
573,Varde,dk-varde-0573,G,8.9,1.81,16.0,2.2871,120000,0.6899,0.215,0.6263,0.8,0.84,0.3116,2.9667,6.35,36.1
575,Vejen,dk-vejen-0575,F,15.28,2.23,28.33,1.8097,120000,0.5075,0.3338,0.5687,1.3,0.7167,0.3672,1.9468,3.67,27.5
580,Aabenraa,dk-aabenraa-0580,F,17.4,2.28,32.52,1.6771,120000,0.4604,0.3632,0.4807,1.76,0.6748,0.3744,1.7482,3.69,16.8
607,Fredericia,dk-fredericia-0607,D,36.51,6.01,67.01,0.4098,0,0.0894,0.5652,0.1491,36.14,0.3299,0.8708,1.6505,1.84,12.4
615,Horsens,dk-horsens-0615,E,24.87,8.86,40.88,1.3691,60000,0.3571,0.4254,0.3619,2.93,0.5912,1.2504,4.4997,3.29,11.9
621,Kolding,dk-kolding-0621,D,31.68,8.85,54.51,0.7644,60000,0.1789,0.5231,0.3712,2.3,0.4549,1.249,2.9411,2.09,15
630,Vejle,dk-vejle-0630,E,24.48,8.3,40.66,1.2997,60000,0.335,0.4383,0.4896,1.09,0.5934,1.175,4.0078,2.86,15.8
657,Herning,dk-herning-0657,F,19.23,6.03,32.43,1.6485,120000,0.4505,0.3693,0.6051,0.52,0.6757,0.8729,3.9713,3.53,18
661,Holstebro,dk-holstebro-0661,F,18.91,4.27,33.56,1.571,120000,0.4239,0.3856,0.5633,1.06,0.6644,0.6385,2.7126,3.36,42.8
665,Lemvig,dk-lemvig-0665,F,15.1,0.7,29.5,1.7857,120000,0.4989,0.3392,0.4763,2.49,0.705,0.1632,0.8448,3.58,34.8
671,Struer,dk-struer-0671,E,27.71,1.57,53.86,0.781,60000,0.1833,0.5208,0.4056,5.14,0.4614,0.2796,0.6654,1.92,17.9
706,Syddjurs,dk-syddjurs-0706,F,18.62,8.07,29.18,1.6822,120000,0.4622,0.3621,0.574,1.52,0.7082,1.1446,5.3698,3.73,40.4
707,Norddjurs,dk-norddjurs-0707,G,12.94,1.57,24.3,1.9868,120000,0.5728,0.2921,0.578,1.41,0.757,0.279,1.7863,4.87,28.5
710,Favrskov,dk-favrskov-0710,E,23.54,5.87,41.2,1.333,60000,0.3456,0.4322,0.3827,3.58,0.588,0.852,2.9813,3.1,18.8
727,Odder,dk-odder-0727,E,25.36,1.25,49.46,1.0368,60000,0.2551,0.4831,0.3209,8,0.5054,0.236,0.6654,2.38,11.5
730,Randers,dk-randers-0730,D,32.95,8.38,57.52,0.6999,60000,0.1618,0.5316,0.3311,3.67,0.4248,1.1866,2.6826,2.05,8.4
740,Silkeborg,dk-silkeborg-0740,E,27.87,8.42,47.32,1.0215,60000,0.2507,0.4855,0.4407,1.68,0.5268,1.1909,3.3235,2.38,15
741,Samsø,dk-samsoe-0741,E,22.36,0.21,44.51,1.2041,60000,0.3053,0.4553,0.3302,8.66,0.5549,0.0979,0.3111,2.49,29.7
746,Skanderborg,dk-skanderborg-0746,E,23.34,5.28,41.39,1.3635,60000,0.3553,0.4265,0.3171,5.08,0.5861,0.7732,2.7702,3.21,28.6
751,Aarhus,dk-aarhus-0751,B,58.95,43.52,74.39,0.1327,0,0.0273,0.5904,0.1146,52.45,0.2561,5.8654,9.4768,1.6,11.6
756,Ikast-Brande,dk-ikast-brande-0756,F,15.99,4.14,27.84,1.7855,120000,0.4988,0.3393,0.6277,0.53,0.7216,0.6213,3.2155,3.73,32.1
760,Ringkøbing-Skjern,dk-ringkoebing-skjern-0760,G,10.75,1.6,19.9,2.1923,120000,0.6521,0.2402,0.5827,0.75,0.801,0.283,2.3451,5.93,39.8
766,Hedensted,dk-hedensted-0766,G,13.76,3.75,23.76,2.0088,120000,0.5811,0.2867,0.5021,2.7,0.7624,0.5689,3.7357,5.12,25.1
773,Morsø,dk-morsoe-0773,G,13.4,1.25,25.56,1.9354,120000,0.5536,0.3045,0.5444,1.88,0.7444,0.2368,1.4318,3.98,9.1
779,Skive,dk-skive-0779,F,21.61,3.69,39.53,1.3923,60000,0.3646,0.421,0.4893,1.66,0.6047,0.5618,2.059,2.92,26.9
787,Thisted,dk-thisted-0787,G,14.59,2.22,26.96,1.8522,120000,0.5229,0.324,0.5668,0.9,0.7304,0.3661,2.0263,3.97,14.9
791,Viborg,dk-viborg-0791,F,19.24,6.25,32.23,1.6309,120000,0.4444,0.3731,0.5762,0.96,0.6777,0.9029,4.0433,3.46,17.2
810,Brønderslev,dk-broenderslev-0810,G,14.2,1.49,26.91,1.8988,120000,0.54,0.3132,0.5235,1.13,0.7309,0.2684,1.5596,3.96,11.6
813,Frederikshavn,dk-frederikshavn-0813,E,22.81,3.01,42.62,1.2771,60000,0.3279,0.4424,0.4341,1.9,0.5738,0.4708,1.5788,2.78,22.5
820,Vesthimmerlands,dk-vesthimmerlands-0820,G,14.81,1.14,28.49,1.8348,120000,0.5166,0.3281,0.4923,1.55,0.7151,0.2216,1.2049,4.03,34
825,Læsø,dk-laesoe-0825,D,33.22,0.0,66.43,0.3984,0,0.0867,0.5664,0.2998,16.42,0.3357,0.0701,0.1321,1.4,20
840,Rebild,dk-rebild-0840,G,14.51,1.66,27.36,1.877,120000,0.532,0.3183,0.5064,1.44,0.7264,0.2914,1.655,3.99,15.1
846,Mariagerfjord,dk-mariagerfjord-0846,F,16.19,1.86,30.52,1.7147,120000,0.4736,0.355,0.5263,1.27,0.6948,0.3185,1.54,3.71,17
849,Jammerbugt,dk-jammerbugt-0849,G,14.33,2.33,26.33,1.7995,120000,0.5038,0.3361,0.6093,0.99,0.7367,0.3798,1.9929,3.94,37.1
851,Aalborg,dk-aalborg-0851,D,40.91,22.73,59.08,0.5868,60000,0.1327,0.5456,0.3404,1.82,0.4092,3.0967,6.5275,1.95,10.4
860,Hjørring,dk-hjoerring-0860,F,20.85,3.25,38.45,1.3698,60000,0.3574,0.4253,0.5218,1.69,0.6155,0.5034,1.8128,2.73,22.4
