kommune_kode,selvvurderet_helbred_pct,selvvurderet_helbred_ratio,mentalt_helbred_pct,mentalt_helbred_ratio,rygning_pct,rygning_ratio,alkohol_pct,alkohol_ratio,fysisk_aktivitet_pct,fysisk_aktivitet_ratio,kost_pct,kost_ratio,svaer_overvaegt_pct,svaer_overvaegt_ratio,ensomhed_pct,ensomhed_ratio,social_stoette_pct,social_stoette_ratio,selvvurderet_helbred_ref,mentalt_helbred_ref,rygning_ref,alkohol_ref,fysisk_aktivitet_ref,kost_ref,svaer_overvaegt_ref,ensomhed_ref,social_stoette_ref
101,85.4,104.06,18.8,84.73,10.6,98.77,17.7,81.22,41.0,125.43,11.8,150,11.4,150,12.9,83.72,6.1,85.3,82.0685,15.9294,10.47,14.3766,51.4248,18.3852,18.4306,10.7994,5.2033
147,85.7,104.42,15.3,104.11,9.0,116.33,18.2,78.99,42.8,120.15,11.8,150,9.3,150,10.3,104.85,4.3,121.01,82.0685,15.9294,10.47,14.3766,51.4248,18.3852,18.4306,10.7994,5.2033
151,80.0,97.48,18.5,86.1,8.5,123.18,12.6,114.1,52.2,98.51,18.2,101.02,18.7,98.56,11.8,91.52,4.6,113.12,82.0685,15.9294,10.47,14.3766,51.4248,18.3852,18.4306,10.7994,5.2033
153,75.5,92.0,21.3,74.79,15.7,66.69,11.0,130.7,58.2,88.36,22.6,81.35,27.6,66.78,13.7,78.83,7.4,70.32,82.0685,15.9294,10.47,14.3766,51.4248,18.3852,18.4306,10.7994,5.2033
155,84.1,102.48,14.4,110.62,8.1,129.26,20.4,70.47,47.9,107.36,13.3,138.23,12.4,148.63,7.7,140.25,4.7,110.71,82.0685,15.9294,10.47,14.3766,51.4248,18.3852,18.4306,10.7994,5.2033
157,86.8,105.77,12.0,132.74,6.1,150,20.0,71.88,42.4,121.28,9.6,150,7.5,150,8.7,124.13,4.2,123.89,82.0685,15.9294,10.47,14.3766,51.4248,18.3852,18.4306,10.7994,5.2033
159,82.6,100.65,17.0,93.7,9.4,111.38,13.5,106.49,48.5,106.03,13.5,136.19,14.8,124.53,11.3,95.57,6.5,80.05,82.0685,15.9294,10.47,14.3766,51.4248,18.3852,18.4306,10.7994,5.2033
161,80.8,98.45,17.1,93.15,11.4,91.84,12.4,115.94,56.4,91.18,20.4,90.12,22.3,82.65,12.1,89.25,5.9,88.19,82.0685,15.9294,10.47,14.3766,51.4248,18.3852,18.4306,10.7994,5.2033
163,81.6,99.43,16.1,98.94,11.1,94.32,12.5,115.01,54.4,94.53,17.9,102.71,19.4,95.0,10.8,99.99,5.6,92.92,82.0685,15.9294,10.47,14.3766,51.4248,18.3852,18.4306,10.7994,5.2033
165,77.2,94.07,20.6,77.33,13.4,78.13,10.6,135.63,53.3,96.48,20.0,91.93,22.6,81.55,15.1,71.52,7.0,74.33,82.0685,15.9294,10.47,14.3766,51.4248,18.3852,18.4306,10.7994,5.2033
167,81.1,98.82,16.7,95.39,11.4,91.84,11.6,123.94,54.2,94.88,18.7,98.32,19.2,95.99,11.6,93.1,4.9,106.19,82.0685,15.9294,10.47,14.3766,51.4248,18.3852,18.4306,10.7994,5.2033
169,82.5,100.53,16.8,94.82,12.1,86.53,11.2,128.36,53.3,96.48,17.8,103.29,21.3,86.53,14.5,74.48,6.3,82.59,82.0685,15.9294,10.47,14.3766,51.4248,18.3852,18.4306,10.7994,5.2033
173,86.5,105.4,12.9,123.48,5.1,150,15.5,92.75,43.8,117.41,9.1,150,11.2,150,9.2,117.38,4.3,121.01,82.0685,15.9294,10.47,14.3766,51.4248,18.3852,18.4306,10.7994,5.2033
175,83.6,101.87,14.5,109.86,9.4,111.38,13.5,106.49,49.9,103.06,15.6,117.85,16.6,111.03,9.4,114.89,6.1,85.3,82.0685,15.9294,10.47,14.3766,51.4248,18.3852,18.4306,10.7994,5.2033
183,78.1,95.16,18.9,84.28,17.4,60.17,10.6,135.63,56.8,90.54,20.5,89.68,22.2,83.02,14.0,77.14,9.1,57.18,82.0685,15.9294,10.47,14.3766,51.4248,18.3852,18.4306,10.7994,5.2033
185,80.7,98.33,15.4,103.44,10.7,97.85,15.7,91.57,50.8,101.23,21.0,87.55,17.1,107.78,9.5,113.68,5.5,94.61,82.0685,15.9294,10.47,14.3766,51.4248,18.3852,18.4306,10.7994,5.2033
187,86.9,105.89,13.9,114.6,9.3,112.58,11.5,125.01,49.1,104.73,16.3,112.79,16.3,113.07,9.9,109.08,5.2,100.06,82.0685,15.9294,10.47,14.3766,51.4248,18.3852,18.4306,10.7994,5.2033
190,85.7,104.42,13.7,116.27,7.0,149.57,15.6,92.16,44.7,115.04,10.0,150,13.0,141.77,9.7,111.33,4.9,106.19,82.0685,15.9294,10.47,14.3766,51.4248,18.3852,18.4306,10.7994,5.2033
201,85.5,104.18,11.1,143.51,5.1,150,17.0,84.57,46.0,111.79,11.7,150,13.0,141.77,7.4,145.94,3.1,150,82.0685,15.9294,10.47,14.3766,51.4248,18.3852,18.4306,10.7994,5.2033
210,82.6,100.65,14.8,107.63,8.0,130.87,16.0,89.85,50.8,101.23,12.3,149.47,15.6,118.14,8.6,125.57,5.0,104.07,82.0685,15.9294,10.47,14.3766,51.4248,18.3852,18.4306,10.7994,5.2033
217,81.3,99.06,15.0,106.2,10.6,98.77,18.3,78.56,48.5,106.03,14.0,131.32,15.4,119.68,8.8,122.72,3.3,150,82.0685,15.9294,10.47,14.3766,51.4248,18.3852,18.4306,10.7994,5.2033
219,83.1,101.26,17.0,93.7,7.7,135.97,13.3,108.09,51.2,100.44,15.1,121.76,18.2,101.27,11.7,92.3,5.3,98.18,82.0685,15.9294,10.47,14.3766,51.4248,18.3852,18.4306,10.7994,5.2033
223,85.1,103.69,10.3,150,6.8,150,20.8,69.12,47.9,107.36,10.8,150,10.1,150,7.8,138.45,4.2,123.89,82.0685,15.9294,10.47,14.3766,51.4248,18.3852,18.4306,10.7994,5.2033
230,87.5,106.62,12.5,127.43,5.3,150,16.9,85.07,45.3,113.52,8.8,150,9.2,150,7.1,150,5.0,104.07,82.0685,15.9294,10.47,14.3766,51.4248,18.3852,18.4306,10.7994,5.2033
240,85.4,104.06,13.8,115.43,7.4,141.49,13.2,108.91,51.1,100.64,17.6,104.46,17.6,104.72,8.0,134.99,3.4,150,82.0685,15.9294,10.47,14.3766,51.4248,18.3852,18.4306,10.7994,5.2033
250,78.9,96.14,15.2,104.8,11.2,93.48,17.1,84.07,56.3,91.34,19.1,96.26,20.5,89.91,10.8,99.99,6.0,86.72,82.0685,15.9294,10.47,14.3766,51.4248,18.3852,18.4306,10.7994,5.2033
253,81.9,99.79,16.5,96.54,9.9,105.76,13.7,104.94,54.7,94.01,19.2,95.76,17.5,105.32,11.0,98.18,6.3,82.59,82.0685,15.9294,10.47,14.3766,51.4248,18.3852,18.4306,10.7994,5.2033
259,80.2,97.72,15.3,104.11,10.7,97.85,13.1,109.74,53.8,95.59,18.8,97.79,20.5,89.91,9.5,113.68,4.2,123.89,82.0685,15.9294,10.47,14.3766,51.4248,18.3852,18.4306,10.7994,5.2033
260,76.2,92.85,15.9,100.18,14.0,74.79,17.8,80.77,58.5,87.91,21.6,85.12,23.0,80.13,11.1,97.29,5.2,100.06,82.0685,15.9294,10.47,14.3766,51.4248,18.3852,18.4306,10.7994,5.2033
265,82.9,101.01,17.3,92.08,8.1,129.26,15.0,95.84,49.9,103.06,14.8,124.22,15.8,116.65,11.6,93.1,3.4,150,82.0685,15.9294,10.47,14.3766,51.4248,18.3852,18.4306,10.7994,5.2033
269,82.3,100.28,14.1,112.97,8.8,118.98,16.4,87.66,49.7,103.47,18.5,99.38,15.6,118.14,8.6,125.57,4.2,123.89,82.0685,15.9294,10.47,14.3766,51.4248,18.3852,18.4306,10.7994,5.2033
270,81.0,98.7,14.6,109.11,9.9,105.76,15.8,90.99,52.8,97.4,18.7,98.32,16.7,110.36,9.6,112.49,5.3,98.18,82.0685,15.9294,10.47,14.3766,51.4248,18.3852,18.4306,10.7994,5.2033
306,77.7,94.68,13.1,121.6,14.3,73.22,15.3,93.96,61.9,83.08,24.4,75.35,24.1,76.48,10.8,99.99,5.2,100.06,82.0685,15.9294,10.47,14.3766,51.4248,18.3852,18.4306,10.7994,5.2033
316,80.6,98.21,16.4,97.13,12.9,81.16,13.9,103.43,56.5,91.02,20.5,89.68,20.6,89.47,12.5,86.39,5.6,92.92,82.0685,15.9294,10.47,14.3766,51.4248,18.3852,18.4306,10.7994,5.2033
320,77.9,94.92,17.1,93.15,12.2,85.82,15.7,91.57,62.3,82.54,21.9,83.95,25.3,72.85,12.3,87.8,4.2,123.89,82.0685,15.9294,10.47,14.3766,51.4248,18.3852,18.4306,10.7994,5.2033
326,76.5,93.21,17.8,89.49,14.2,73.73,12.0,119.8,60.6,84.86,21.7,84.72,24.8,74.32,14.1,76.59,6.0,86.72,82.0685,15.9294,10.47,14.3766,51.4248,18.3852,18.4306,10.7994,5.2033
329,80.0,97.48,14.4,110.62,12.1,86.53,13.0,110.59,59.7,86.14,22.6,81.35,24.8,74.32,11.6,93.1,6.9,75.41,82.0685,15.9294,10.47,14.3766,51.4248,18.3852,18.4306,10.7994,5.2033
330,78.7,95.9,18.3,87.05,13.4,78.13,11.5,125.01,55.6,92.49,20.7,88.82,23.3,79.1,10.9,99.08,4.8,108.4,82.0685,15.9294,10.47,14.3766,51.4248,18.3852,18.4306,10.7994,5.2033
336,83.2,101.38,15.6,102.11,12.8,81.8,16.3,88.2,57.3,89.75,20.0,91.93,20.2,91.24,9.3,116.12,6.3,82.59,82.0685,15.9294,10.47,14.3766,51.4248,18.3852,18.4306,10.7994,5.2033
340,80.0,97.48,14.5,109.86,13.0,80.54,13.8,104.18,56.2,91.5,15.6,117.85,20.3,90.79,10.2,105.88,4.4,118.26,82.0685,15.9294,10.47,14.3766,51.4248,18.3852,18.4306,10.7994,5.2033
350,83.0,101.13,14.0,113.78,10.1,103.66,15.3,93.96,53.4,96.3,16.7,110.09,17.4,105.92,10.6,101.88,3.4,150,82.0685,15.9294,10.47,14.3766,51.4248,18.3852,18.4306,10.7994,5.2033
360,77.1,93.95,17.4,91.55,18.3,57.21,15.9,90.42,60.6,84.86,26.0,70.71,25.7,71.71,13.3,81.2,5.5,94.61,82.0685,15.9294,10.47,14.3766,51.4248,18.3852,18.4306,10.7994,5.2033
370,80.3,97.85,18.2,87.52,11.7,89.49,11.2,128.36,55.0,93.5,20.7,88.82,21.5,85.72,9.9,109.08,4.5,115.63,82.0685,15.9294,10.47,14.3766,51.4248,18.3852,18.4306,10.7994,5.2033
376,77.4,94.31,16.2,98.33,13.6,76.99,13.0,110.59,61.0,84.3,19.7,93.33,24.0,76.79,11.7,92.3,5.6,92.92,82.0685,15.9294,10.47,14.3766,51.4248,18.3852,18.4306,10.7994,5.2033
390,74.3,90.53,18.3,87.05,14.8,70.74,14.3,100.54,60.4,85.14,20.5,89.68,22.8,80.84,12.6,85.71,6.3,82.59,82.0685,15.9294,10.47,14.3766,51.4248,18.3852,18.4306,10.7994,5.2033
400,78.7,95.9,13.9,114.6,15.2,68.88,14.4,99.84,54.8,93.84,19.0,96.76,19.7,93.56,10.6,101.88,5.1,102.03,82.0685,15.9294,10.47,14.3766,51.4248,18.3852,18.4306,10.7994,5.2033
410,84.7,103.21,13.5,118.0,10.0,104.7,16.7,86.09,53.1,96.85,19.7,93.33,20.2,91.24,7.9,136.7,5.8,89.71,82.0685,15.9294,10.47,14.3766,51.4248,18.3852,18.4306,10.7994,5.2033
420,79.9,97.36,13.8,115.43,12.1,86.53,15.0,95.84,57.2,89.9,22.4,82.08,24.4,75.54,8.6,125.57,5.4,96.36,82.0685,15.9294,10.47,14.3766,51.4248,18.3852,18.4306,10.7994,5.2033
430,81.1,98.82,15.1,105.49,13.1,79.92,17.3,83.1,56.0,91.83,19.1,96.26,21.9,84.16,9.3,116.12,4.9,106.19,82.0685,15.9294,10.47,14.3766,51.4248,18.3852,18.4306,10.7994,5.2033
440,79.1,96.38,15.7,101.46,10.4,100.67,15.7,91.57,58.2,88.36,21.7,84.72,22.5,81.91,8.7,124.13,4.2,123.89,82.0685,15.9294,10.47,14.3766,51.4248,18.3852,18.4306,10.7994,5.2033
450,81.1,98.82,13.8,115.43,12.1,86.53,15.2,94.58,52.4,98.14,23.1,79.59,21.8,84.54,9.5,113.68,3.3,150,82.0685,15.9294,10.47,14.3766,51.4248,18.3852,18.4306,10.7994,5.2033
461,82.7,100.77,17.0,93.7,8.3,126.14,15.1,95.21,49.1,104.73,18.1,101.58,15.9,115.92,11.3,95.57,4.9,106.19,82.0685,15.9294,10.47,14.3766,51.4248,18.3852,18.4306,10.7994,5.2033
479,83.3,101.5,13.5,118.0,11.2,93.48,17.3,83.1,53.2,96.66,16.6,110.75,17.8,103.54,9.2,117.38,4.1,126.91,82.0685,15.9294,10.47,14.3766,51.4248,18.3852,18.4306,10.7994,5.2033
480,81.0,98.7,15.2,104.8,12.9,81.16,14.0,102.69,55.1,93.33,24.5,75.04,25.6,71.99,9.8,110.2,5.1,102.03,82.0685,15.9294,10.47,14.3766,51.4248,18.3852,18.4306,10.7994,5.2033
482,74.5,90.78,14.9,106.91,14.6,71.71,19.3,74.49,59.1,87.01,20.1,91.47,24.8,74.32,10.4,103.84,5.0,104.07,82.0685,15.9294,10.47,14.3766,51.4248,18.3852,18.4306,10.7994,5.2033
492,81.5,99.31,12.3,129.51,12.5,83.76,20.4,70.47,58.4,88.06,18.3,100.47,18.7,98.56,7.5,143.99,4.1,126.91,82.0685,15.9294,10.47,14.3766,51.4248,18.3852,18.4306,10.7994,5.2033
510,81.2,98.94,15.4,103.44,9.3,112.58,11.6,123.94,54.0,95.23,25.0,73.54,22.4,82.28,9.4,114.89,5.1,102.03,82.0685,15.9294,10.47,14.3766,51.4248,18.3852,18.4306,10.7994,5.2033
530,80.8,98.45,14.9,106.91,10.4,100.67,14.4,99.84,52.8,97.4,19.4,94.77,24.3,75.85,9.4,114.89,6.5,80.05,82.0685,15.9294,10.47,14.3766,51.4248,18.3852,18.4306,10.7994,5.2033
540,81.9,99.79,14.1,112.97,10.4,100.67,11.1,129.52,55.3,92.99,21.7,84.72,20.2,91.24,9.5,113.68,5.5,94.61,82.0685,15.9294,10.47,14.3766,51.4248,18.3852,18.4306,10.7994,5.2033
550,79.6,96.99,13.5,118.0,14.4,72.71,13.3,108.09,56.4,91.18,24.2,75.97,24.0,76.79,9.0,119.99,4.7,110.71,82.0685,15.9294,10.47,14.3766,51.4248,18.3852,18.4306,10.7994,5.2033
561,79.2,96.5,18.6,85.64,13.2,79.32,16.4,87.66,53.6,95.94,22.9,80.28,20.2,91.24,9.0,119.99,5.4,96.36,82.0685,15.9294,10.47,14.3766,51.4248,18.3852,18.4306,10.7994,5.2033
563,84.0,102.35,10.7,148.87,11.2,93.48,25.5,56.38,50.3,102.24,16.5,111.43,17.0,108.42,7.0,150,4.9,106.19,82.0685,15.9294,10.47,14.3766,51.4248,18.3852,18.4306,10.7994,5.2033
573,82.2,100.16,12.0,132.74,12.2,85.82,13.3,108.09,55.7,92.32,21.1,87.13,21.8,84.54,7.9,136.7,4.0,130.08,82.0685,15.9294,10.47,14.3766,51.4248,18.3852,18.4306,10.7994,5.2033
575,80.5,98.09,15.5,102.77,12.8,81.8,9.8,146.7,58.6,87.76,23.7,77.57,24.3,75.85,9.5,113.68,3.2,150,82.0685,15.9294,10.47,14.3766,51.4248,18.3852,18.4306,10.7994,5.2033
580,81.1,98.82,14.3,111.39,11.3,92.65,13.4,107.29,55.1,93.33,19.9,92.39,20.6,89.47,9.0,119.99,4.6,113.12,82.0685,15.9294,10.47,14.3766,51.4248,18.3852,18.4306,10.7994,5.2033
607,79.7,97.11,17.8,89.49,12.5,83.76,12.3,116.88,53.9,95.41,22.5,81.71,23.1,79.79,11.9,90.75,6.7,77.66,82.0685,15.9294,10.47,14.3766,51.4248,18.3852,18.4306,10.7994,5.2033
615,82.7,100.77,15.2,104.8,10.8,96.94,12.0,119.8,53.9,95.41,21.9,83.95,21.9,84.16,12.0,89.99,5.9,88.19,82.0685,15.9294,10.47,14.3766,51.4248,18.3852,18.4306,10.7994,5.2033
621,80.3,97.85,15.7,101.46,9.3,112.58,12.7,113.2,56.4,91.18,19.1,96.26,20.7,89.04,12.6,85.71,6.4,81.3,82.0685,15.9294,10.47,14.3766,51.4248,18.3852,18.4306,10.7994,5.2033
630,81.5,99.31,15.2,104.8,9.2,113.8,14.6,98.47,53.0,97.03,18.5,99.38,19.4,95.0,9.6,112.49,4.5,115.63,82.0685,15.9294,10.47,14.3766,51.4248,18.3852,18.4306,10.7994,5.2033
657,82.7,100.77,14.9,106.91,8.9,117.64,12.7,113.2,53.1,96.85,23.0,79.94,19.2,95.99,12.2,88.52,5.4,96.36,82.0685,15.9294,10.47,14.3766,51.4248,18.3852,18.4306,10.7994,5.2033
661,82.7,100.77,13.6,117.13,9.8,106.84,14.0,102.69,52.4,98.14,23.8,77.25,22.4,82.28,11.8,91.52,5.8,89.71,82.0685,15.9294,10.47,14.3766,51.4248,18.3852,18.4306,10.7994,5.2033
665,82.1,100.04,12.9,123.48,12.5,83.76,14.3,100.54,56.7,90.7,22.2,82.82,23.5,78.43,8.6,125.57,5.3,98.18,82.0685,15.9294,10.47,14.3766,51.4248,18.3852,18.4306,10.7994,5.2033
671,78.6,95.77,14.7,108.36,14.2,73.73,12.2,117.84,56.7,90.7,25.3,72.67,22.2,83.02,12.0,89.99,4.6,113.12,82.0685,15.9294,10.47,14.3766,51.4248,18.3852,18.4306,10.7994,5.2033
706,83.3,101.5,14.9,106.91,11.7,89.49,17.3,83.1,51.7,99.47,16.2,113.49,21.6,85.33,8.6,125.57,4.6,113.12,82.0685,15.9294,10.47,14.3766,51.4248,18.3852,18.4306,10.7994,5.2033
707,77.8,94.8,14.8,107.63,14.7,71.22,13.5,106.49,61.2,84.03,24.8,74.13,24.8,74.32,9.6,112.49,4.7,110.71,82.0685,15.9294,10.47,14.3766,51.4248,18.3852,18.4306,10.7994,5.2033
710,84.1,102.48,13.7,116.27,9.2,113.8,13.1,109.74,52.7,97.58,18.9,97.28,21.6,85.33,9.0,119.99,4.6,113.12,82.0685,15.9294,10.47,14.3766,51.4248,18.3852,18.4306,10.7994,5.2033
727,81.5,99.31,15.6,102.11,11.2,93.48,14.4,99.84,52.2,98.51,16.3,112.79,20.8,88.61,9.8,110.2,5.0,104.07,82.0685,15.9294,10.47,14.3766,51.4248,18.3852,18.4306,10.7994,5.2033
730,81.0,98.7,17.3,92.08,10.9,96.05,13.0,110.59,56.0,91.83,23.8,77.25,23.9,77.12,10.5,102.85,4.2,123.89,82.0685,15.9294,10.47,14.3766,51.4248,18.3852,18.4306,10.7994,5.2033
740,81.8,99.67,13.1,121.6,8.8,118.98,12.4,115.94,49.3,104.31,18.0,102.14,18.2,101.27,8.4,128.56,6.0,86.72,82.0685,15.9294,10.47,14.3766,51.4248,18.3852,18.4306,10.7994,5.2033
741,81.5,99.31,13.0,122.53,10.4,100.67,17.4,82.62,59.1,87.01,14.3,128.57,19.0,97.0,8.5,127.05,3.9,133.42,82.0685,15.9294,10.47,14.3766,51.4248,18.3852,18.4306,10.7994,5.2033
746,84.3,102.72,11.9,133.86,8.7,120.34,13.1,109.74,49.3,104.31,15.6,117.85,17.9,102.96,9.2,117.38,4.1,126.91,82.0685,15.9294,10.47,14.3766,51.4248,18.3852,18.4306,10.7994,5.2033
751,84.0,102.35,18.2,87.52,8.3,126.14,14.6,98.47,43.4,118.49,15.2,120.96,12.6,146.27,11.1,97.29,5.4,96.36,82.0685,15.9294,10.47,14.3766,51.4248,18.3852,18.4306,10.7994,5.2033
756,81.5,99.31,13.7,116.27,10.5,99.71,12.3,116.88,54.8,93.84,22.5,81.71,22.2,83.02,9.1,118.67,5.9,88.19,82.0685,15.9294,10.47,14.3766,51.4248,18.3852,18.4306,10.7994,5.2033
760,81.7,99.55,11.2,142.23,12.3,85.12,14.6,98.47,56.8,90.54,22.4,82.08,21.6,85.33,9.0,119.99,4.8,108.4,82.0685,15.9294,10.47,14.3766,51.4248,18.3852,18.4306,10.7994,5.2033
766,82.2,100.16,13.5,118.0,10.5,99.71,14.2,101.24,56.4,91.18,22.7,80.99,23.6,78.1,8.1,133.33,5.9,88.19,82.0685,15.9294,10.47,14.3766,51.4248,18.3852,18.4306,10.7994,5.2033
773,80.2,97.72,12.0,132.74,13.2,79.32,11.3,127.23,63.6,80.86,29.1,63.18,23.6,78.1,11.6,93.1,4.3,121.01,82.0685,15.9294,10.47,14.3766,51.4248,18.3852,18.4306,10.7994,5.2033
779,80.2,97.72,15.5,102.77,10.7,97.85,14.2,101.24,53.8,95.59,25.2,72.96,24.4,75.54,12.1,89.25,6.2,83.92,82.0685,15.9294,10.47,14.3766,51.4248,18.3852,18.4306,10.7994,5.2033
787,79.8,97.24,12.0,132.74,11.9,87.98,10.6,135.63,59.8,85.99,24.9,73.84,26.6,69.29,11.5,93.91,3.9,133.42,82.0685,15.9294,10.47,14.3766,51.4248,18.3852,18.4306,10.7994,5.2033
791,83.0,101.13,14.2,112.18,10.8,96.94,11.8,121.84,52.5,97.95,24.2,75.97,21.5,85.72,10.8,99.99,5.6,92.92,82.0685,15.9294,10.47,14.3766,51.4248,18.3852,18.4306,10.7994,5.2033
810,80.6,98.21,14.7,108.36,9.1,115.05,9.2,150,59.4,86.57,24.9,73.84,25.3,72.85,11.3,95.57,6.6,78.84,82.0685,15.9294,10.47,14.3766,51.4248,18.3852,18.4306,10.7994,5.2033
813,79.2,96.5,14.7,108.36,12.5,83.76,12.5,115.01,55.8,92.16,22.9,80.28,24.9,74.02,10.8,99.99,5.5,94.61,82.0685,15.9294,10.47,14.3766,51.4248,18.3852,18.4306,10.7994,5.2033
820,78.3,95.41,15.6,102.11,12.1,86.53,11.1,129.52,62.1,82.81,25.4,72.38,24.0,76.79,10.6,101.88,4.9,106.19,82.0685,15.9294,10.47,14.3766,51.4248,18.3852,18.4306,10.7994,5.2033
825,80.3,97.85,11.4,139.73,8.6,121.74,19.8,72.61,58.1,88.51,20.4,90.12,25.2,73.14,10.4,103.84,7.0,74.33,82.0685,15.9294,10.47,14.3766,51.4248,18.3852,18.4306,10.7994,5.2033
840,84.1,102.48,12.1,131.65,8.0,130.87,10.6,135.63,52.5,97.95,20.3,90.57,21.4,86.12,9.8,110.2,4.6,113.12,82.0685,15.9294,10.47,14.3766,51.4248,18.3852,18.4306,10.7994,5.2033
846,81.3,99.06,14.2,112.18,10.4,100.67,11.6,123.94,57.0,90.22,21.7,84.72,22.1,83.4,12.5,86.39,5.4,96.36,82.0685,15.9294,10.47,14.3766,51.4248,18.3852,18.4306,10.7994,5.2033
849,78.7,95.9,15.1,105.49,12.0,87.25,11.0,130.7,60.0,85.71,23.6,77.9,25.6,71.99,10.4,103.84,3.4,150,82.0685,15.9294,10.47,14.3766,51.4248,18.3852,18.4306,10.7994,5.2033
851,82.5,100.53,17.2,92.61,9.0,116.33,12.7,113.2,51.3,100.24,20.9,87.97,18.1,101.83,11.7,92.3,4.5,115.63,82.0685,15.9294,10.47,14.3766,51.4248,18.3852,18.4306,10.7994,5.2033
860,79.4,96.75,14.8,107.63,10.6,98.77,11.0,130.7,58.3,88.21,22.3,82.45,23.9,77.12,10.6,101.88,4.8,108.4,82.0685,15.9294,10.47,14.3766,51.4248,18.3852,18.4306,10.7994,5.2033
